old,new,id
Sindechites_henryi_PAFTOL031695,apocynoids_Apocyneae_Amphineuriinae_Sindechites_henryi_PAFTOL031695,277
Apocynum_venetum_PAFTOL004112,apocynoids_Apocyneae_Apocyninae_Apocynum_venetum_PAFTOL004112,21
Vallaris_solanacea_PAFTOL004042,apocynoids_Apocyneae_Beaumontiinae_Vallaris_solanacea_PAFTOL004042,317
Amalocalyx_microlobus_PAFTOL031697,apocynoids_Apocyneae_Chonemorphinae_Amalocalyx_microlobus_PAFTOL031697,10
Chonemorpha_fragrans_PAFTOL031730,apocynoids_Apocyneae_Chonemorphinae_Chonemorpha_fragrans_PAFTOL031730,60
Micrechites_rhombifolius_PAFTOL031717,apocynoids_Apocyneae_Chonemorphinae_Micrechites_rhombifolius_PAFTOL031717,169
Aganosma_heynei_PAFTOL031726,apocynoids_Apocyneae_Ichnocarpinae_Aganosma_heynei_PAFTOL031726,4
Baharuia_gracilis_PAFTOL031816,apocynoids_Apocyneae_Ichnocarpinae_Baharuia_gracilis_PAFTOL031816,31
Epigynum_auritum_PAFTOL031703,apocynoids_Apocyneae_Ichnocarpinae_Epigynum_auritum_PAFTOL031703,104
Pottsia_laxiflora_PAFTOL031715,apocynoids_Apocyneae_Ichnocarpinae_Pottsia_laxiflora_PAFTOL031715,243
Anodendron_affine_PAFTOL031727,apocynoids_Apocyneae_Papuechitinae_Anodendron_affine_PAFTOL031727,19
Papuechites_aambe_PAFTOL025337,apocynoids_Apocyneae_Papuechitinae_Papuechites_aambe_PAFTOL025337,216
Baissea_sp_PAFTOL004097,apocynoids_Baisseeae_nosubtribe_Baissea_sp_PAFTOL004097,32
Dewevrella_cochliostema_PAFTOL031758,apocynoids_Baisseeae_nosubtribe_Dewevrella_cochliostema_PAFTOL031758,82
Motandra_paniculata_PAFTOL025239,apocynoids_Baisseeae_nosubtribe_Motandra_paniculata_PAFTOL025239,193
Oncinotis_tenuiloba_PAFTOL031812,apocynoids_Baisseeae_nosubtribe_Oncinotis_tenuiloba_PAFTOL031812,203
Asketanthera_picardae_PAFTOL025329,apocynoids_EOM_Echitinae_Asketanthera_picardae_PAFTOL025329,25
Echites_umbellatus_PAFTOL004048,apocynoids_EOM_Echitinae_Echites_umbellatus_PAFTOL004048,97
Thenardia_galeottiana_PAFTOL031814,apocynoids_EOM_Echitinae_Thenardia_galeottiana_PAFTOL031814,305
Hylaea_arborescens_PAFTOL025493,apocynoids_EOM_Laubertiinae_Hylaea_arborescens_PAFTOL025493,136
Laubertia_contorta_PAFTOL031706,apocynoids_EOM_Laubertiinae_Laubertia_contorta_PAFTOL031706,150
Cycladenia_humilis_PAFTOL031773,apocynoids_EOM_nosubtribe_Cycladenia_humilis_PAFTOL031773,74
Elytropus_chilensis_PAFTOL031763,apocynoids_EOM_nosubtribe_Elytropus_chilensis_PAFTOL031763,100
Forsteronia_acouci_PAFTOL004047,apocynoids_EOM_nosubtribe_Forsteronia_acouci_PAFTOL004047,114
Pinochia_corymbosa_PAFTOL031708,apocynoids_EOM_nosubtribe_Pinochia_corymbosa_PAFTOL031708,236
Stipecoma_peltigera_PAFTOL031701,apocynoids_EOM_nosubtribe_Stipecoma_peltigera_PAFTOL031701,292
Artia_balansae_PAFTOL025405,apocynoids_EOM_Parsonsiinae_Artia_balansae_PAFTOL025405,23
Temnadenia_odorifera_PAFTOL031711,apocynoids_EOM_Peltastinae_Temnadenia_odorifera_PAFTOL031711,304
Angadenia_berteroi_PAFTOL031748,apocynoids_EOM_Pentalinoninae_Angadenia_berteroi_PAFTOL031748,16
Pentalinon_luteum_PAFTOL031778,apocynoids_EOM_Pentalinoninae_Pentalinon_luteum_PAFTOL031778,221
Schubertia_multiflora_PAFTOL031788,apocynoids_EOM_Prestoniinae_Prestonia_bahiensis_PAFTOL031788,272
Galactophora_schomburgkiana_PAFTOL031704,apocynoids_Malouetieae_Galactophorinae_Galactophora_schomburgkiana_PAFTOL031704,117
Allowoodsonia_whitmorei_PAFTOL025437,apocynoids_Malouetieae_Malouetiinae_Allowoodsonia_whitmorei_PAFTOL025437,5
Eucorymbia_alba_PAFTOL031716,apocynoids_Malouetieae_Malouetiinae_Eucorymbia_alba_PAFTOL031716,106
Funtumia_africana_PAFTOL031735,apocynoids_Malouetieae_Malouetiinae_Funtumia_africana_PAFTOL031735,116
Kibatalia_macrophylla_PAFTOL031733,apocynoids_Malouetieae_Malouetiinae_Kibatalia_macrophylla_PAFTOL031733,144
Mascarenhasia_lisianthiflora_PAFTOL005311,apocynoids_Malouetieae_Malouetiinae_Mascarenhasia_lisianthiflora_PAFTOL005311,164
Spirolobium_cambodianum_PAFTOL031710,apocynoids_Malouetieae_Malouetiinae_Spirolobium_cambodianum_PAFTOL031710,282
Farquharia_elliptica_PAFTOL031691,apocynoids_Nerieae_Alafiinae_Farquharia_elliptica_PAFTOL031691,110
Isonema_smeathmannii_PAFTOL031767,apocynoids_Nerieae_Alafiinae_Isonema_smeathmannii_PAFTOL031767,139
Strophanthus_eminii_PAFTOL031743,apocynoids_Nerieae_Alafiinae_Strophanthus_eminii_PAFTOL031743,296
Adenium_obesum_PAFTOL004037,apocynoids_Nerieae_Neriinae_Adenium_obesum_PAFTOL004037,3
Nerium_oleander_PAFTOL031713,apocynoids_Nerieae_Neriinae_Nerium_oleander_PAFTOL031713,200
Rhabdadenia_madida_PAFTOL005330,apocynoids_Rhabdadenieae_nosubtribe_Rhabdadenia_madida_PAFTOL005330,253
Pleioceras_barteri_PAFTOL031782,apocynoids_Wrightieae_nosubtribe_Pleioceras_barteri_PAFTOL031782,239
Stephanostema_stenocarpum_PAFTOL005310,apocynoids_Wrightieae_nosubtribe_Stephanostema_stenocarpum_PAFTOL005310,290
Asclepias_barjoniifolia_PAFTOL004064,Asclepiadoideae_Asclepiadeae_Asclepiadinae_Asclepias_barjoniifolia_PAFTOL004064,24
Aspidoglossum_biflorum_PAFTOL031771,Asclepiadoideae_Asclepiadeae_Asclepiadinae_Aspidoglossum_biflorum_PAFTOL031771,26
Aspidonepsis_cognata_PAFTOL031798,Asclepiadoideae_Asclepiadeae_Asclepiadinae_Aspidonepsis_cognata_PAFTOL031798,27
Calciphila_gillettii_PAFTOL027235,Asclepiadoideae_Asclepiadeae_Asclepiadinae_Calciphila_gillettii_PAFTOL027235,42
Cordylogyne_globosa_PAFTOL027237,Asclepiadoideae_Asclepiadeae_Asclepiadinae_Cordylogyne_globosa_PAFTOL027237,67
Fanninia_caloglossa_PAFTOL027239,Asclepiadoideae_Asclepiadeae_Asclepiadinae_Fanninia_caloglossa_PAFTOL027239,109
Glossostelma_spathulatum_PAFTOL031799,Asclepiadoideae_Asclepiadeae_Asclepiadinae_Glossostelma_spathulatum_PAFTOL031799,122
Kanahia_laniflora_PAFTOL031769,Asclepiadoideae_Asclepiadeae_Asclepiadinae_Kanahia_laniflora_PAFTOL031769,143
Margaretta_rosea_PAFTOL031807,Asclepiadoideae_Asclepiadeae_Asclepiadinae_Margaretta_rosea_PAFTOL031807,162
Miraglossum_pulchellum_PAFTOL031898,Asclepiadoideae_Asclepiadeae_Asclepiadinae_Miraglossum_pulchellum_PAFTOL031898,186
Pachycarpus_grandiflorus_PAFTOL031775,Asclepiadoideae_Asclepiadeae_Asclepiadinae_Pachycarpus_grandiflorus_PAFTOL031775,213
Parapodium_costatum_PAFTOL031777,Asclepiadoideae_Asclepiadeae_Asclepiadinae_Parapodium_costatum_PAFTOL031777,218
Periglossum_mkenii_PAFTOL031693,Asclepiadoideae_Asclepiadeae_Asclepiadinae_Periglossum_mkenii_PAFTOL031693,226
Schizoglossum_atropurpureum_PAFTOL031806,Asclepiadoideae_Asclepiadeae_Asclepiadinae_Schizoglossum_atropurpureum_PAFTOL031806,268
Solenostemma_oleifolium_PAFTOL031742,Asclepiadoideae_Asclepiadeae_Asclepiadinae_Solenostemma_oleifolium_PAFTOL031742,280
Stathmostelma_gigantiflorum_PAFTOL031802,Asclepiadoideae_Asclepiadeae_Asclepiadinae_Stathmostelma_gigantiflorum_PAFTOL031802,287
Stenostelma_capense_PAFTOL031790,Asclepiadoideae_Asclepiadeae_Asclepiadinae_Stenostelma_capense_PAFTOL031790,288
Woodia_mucronata_PAFTOL027241,Asclepiadoideae_Asclepiadeae_Asclepiadinae_Woodia_mucronata_PAFTOL027241,324
Xysmalobium_undulatum_PAFTOL031746,Asclepiadoideae_Asclepiadeae_Asclepiadinae_Xysmalobium_undulatum_PAFTOL031746,325
Microloma_sagittatum_PAFTOL031770,Asclepiadoideae_Asclepiadeae_Astephaninae_Microloma_sagittatum_PAFTOL031770,170
Oncinema_lineare_PAFTOL031774,Asclepiadoideae_Asclepiadeae_Astephaninae_Oncinema_lineare_PAFTOL031774,202
Cynanchum_gracillimum_PAFTOL025271,Asclepiadoideae_Asclepiadeae_Cynanchinae_Cynanchum_gracillimum_PAFTOL025271,77
Decanema_bojerianum_PAFTOL031789,Asclepiadoideae_Asclepiadeae_Cynanchinae_Cynanchum_luteifluens_PAFTOL031789,80
Schizostephanus_alatus_PAFTOL031787,Asclepiadoideae_Asclepiadeae_Cynanchinae_Schizostephanus_alatus_PAFTOL031787,269
Anemotrochus_eggersii_PAFTOL031699,Asclepiadoideae_Asclepiadeae_Gonolobinae_Anemotrochus_eggersii_PAFTOL031699,15
Chloropetalum_denticulatum_PAFTOL031729,Asclepiadoideae_Asclepiadeae_Gonolobinae_Chloropetalum_denticulatum_PAFTOL031729,59
Cynanchum_laeve_PAFTOL031815,Asclepiadoideae_Asclepiadeae_Gonolobinae_Chthamalia_producta_PAFTOL031815,78
Cristobalia_bella_PAFTOL027243,Asclepiadoideae_Asclepiadeae_Gonolobinae_Cristobalia_bella_PAFTOL027243,71
Fischeria_scandens_PAFTOL031817,Asclepiadoideae_Asclepiadeae_Gonolobinae_Fischeria_scandens_PAFTOL031817,112
Gonolobus_barbatus_PAFTOL031800,Asclepiadoideae_Asclepiadeae_Gonolobinae_Gonolobus_barbatus_PAFTOL031800,126
Ibatia_demuneri_PAFTOL027245,Asclepiadoideae_Asclepiadeae_Gonolobinae_Ibatia_demuneri_PAFTOL027245,137
Lachnostoma_ecuadorense_PAFTOL027247,Asclepiadoideae_Asclepiadeae_Gonolobinae_Lachnostoma_ecuadorense_PAFTOL027247,146
Macroscepis_sp_PAFTOL031738,Asclepiadoideae_Asclepiadeae_Gonolobinae_Macroscepis_sp_PAFTOL031738,161
Peruviasclepias_aliciae_PAFTOL031791,Asclepiadoideae_Asclepiadeae_Gonolobinae_Peruviasclepias_aliciae_PAFTOL031791,227
Phaeostemma_kelleri_PAFTOL031813,Asclepiadoideae_Asclepiadeae_Gonolobinae_Phaeostemma_kelleri_PAFTOL031813,229
Pherotrichis_sp_PAFTOL031757,Asclepiadoideae_Asclepiadeae_Gonolobinae_Pherotrichis_sp_PAFTOL031757,230
Polystemma_scopulorum_PAFTOL031694,Asclepiadoideae_Asclepiadeae_Gonolobinae_Polystemma_scopulorum_PAFTOL031694,242
Pruskortizia_macrocarpa_PAFTOL027249,Asclepiadoideae_Asclepiadeae_Gonolobinae_Pruskortizia_macrocarpa_PAFTOL027249,244
Rhytidostemma_sp_PAFTOL027335,Asclepiadoideae_Asclepiadeae_Gonolobinae_Rhytidostemma_sp_PAFTOL027335,257
Riparoampelos_amazonicus_PAFTOL031818,Asclepiadoideae_Asclepiadeae_Gonolobinae_Riparoampelos_amazonicus_PAFTOL031818,260
Rojasia_gracilis_PAFTOL027337,Asclepiadoideae_Asclepiadeae_Gonolobinae_Rojasia_gracilis_PAFTOL027337,261
Suberogerens_cyclophylla_PAFTOL031822,Asclepiadoideae_Asclepiadeae_Gonolobinae_Suberogerens_cyclophylla_PAFTOL031822,298
Tylodontia_stipitata_PAFTOL031714,Asclepiadoideae_Asclepiadeae_Gonolobinae_Tylodontia_stipitata_PAFTOL031714,314
Barjonia_laxa_CB448,Asclepiadoideae_Asclepiadeae_Metastelmatinae_Barjonia_laxa_CB448,33
Blepharodon_ampliflorum_CB9,Asclepiadoideae_Asclepiadeae_Metastelmatinae_Blepharodon_ampliflorum_CB9,38
Blepharodon_lineare_CB8,Asclepiadoideae_Asclepiadeae_Metastelmatinae_Blepharodon_lineare_CB8,39
Ditassa_auriflora_CB95,Asclepiadoideae_Asclepiadeae_Metastelmatinae_Ditassa_auriflora_CB95,87
Ditassa_blanchetti_CB92,Asclepiadoideae_Asclepiadeae_Metastelmatinae_Ditassa_blanchetti_CB92,88
Ditassa_grandiflora_PAFTOL025209,Asclepiadoideae_Asclepiadeae_Metastelmatinae_Ditassa_grandiflora_PAFTOL025209,89
Ditassa_mucronata_CB90,Asclepiadoideae_Asclepiadeae_Metastelmatinae_Ditassa_mucronata_CB90,90
Ditassa_obcordata_CB89,Asclepiadoideae_Asclepiadeae_Metastelmatinae_Ditassa_obcordata_CB89,91
Ditassa_taxifolia_CB93,Asclepiadoideae_Asclepiadeae_Metastelmatinae_Ditassa_taxifolia_CB93,92
Hemipogon_abietoides_CB81,Asclepiadoideae_Asclepiadeae_Metastelmatinae_Hemipogon_abietoides_CB81,131
Hemipogon_acerosus_CB453,Asclepiadoideae_Asclepiadeae_Metastelmatinae_Hemipogon_acerosus_CB453,132
Metastelma_ditassoides_CB82,Asclepiadoideae_Asclepiadeae_Metastelmatinae_Metastelma_ditassoides_CB82,166
Metastelma_harley_CB10,Asclepiadoideae_Asclepiadeae_Metastelmatinae_Metastelma_harley_CB10,167
Metastelma_parviflorum_CB83,Asclepiadoideae_Asclepiadeae_Metastelmatinae_Metastelma_parviflorum_CB83,168
Minaria_acerosa_CB411,Asclepiadoideae_Asclepiadeae_Metastelmatinae_Minaria_acerosa_CB411,172
Minaria_cordata_CB198,Asclepiadoideae_Asclepiadeae_Metastelmatinae_Minaria_cordata_CB198,173
Minaria_decussata_CB205,Asclepiadoideae_Asclepiadeae_Metastelmatinae_Minaria_decussata_CB205,174
Minaria_ditassoides_CB207,Asclepiadoideae_Asclepiadeae_Metastelmatinae_Minaria_ditassoides_CB207,175
Minaria_grazielae_CB449,Asclepiadoideae_Asclepiadeae_Metastelmatinae_Minaria_grazielae_CB449,176
Minaria_harley_CB206,Asclepiadoideae_Asclepiadeae_Metastelmatinae_Minaria_harley_CB206,177
Minaria_hemipogonoides_CB208,Asclepiadoideae_Asclepiadeae_Metastelmatinae_Minaria_hemipogonoides_CB208,178
Minaria_lourtegiae_CB433,Asclepiadoideae_Asclepiadeae_Metastelmatinae_Minaria_lourtegiae_CB433,179
Minaria_magisteriana_CB435,Asclepiadoideae_Asclepiadeae_Metastelmatinae_Minaria_magisteriana_CB435,180
Minaria_micromeria_CB436,Asclepiadoideae_Asclepiadeae_Metastelmatinae_Minaria_micromeria_CB436,181
Minaria_parva_CB443,Asclepiadoideae_Asclepiadeae_Metastelmatinae_Minaria_parva_CB443,182
Minaria_refractifolia_CB442,Asclepiadoideae_Asclepiadeae_Metastelmatinae_Minaria_refractifolia_CB442,183
Minaria_semirii_CB444,Asclepiadoideae_Asclepiadeae_Metastelmatinae_Minaria_semirii_CB444,184
Minaria_volubilis_CB216,Asclepiadoideae_Asclepiadeae_Metastelmatinae_Minaria_volubilis_CB216,185
Morilloa_lutea_PAFTOL025211,Asclepiadoideae_Asclepiadeae_Metastelmatinae_Morilloa_lutea_PAFTOL025211,191
Nephradenia_acerosa_CB451,Asclepiadoideae_Asclepiadeae_Metastelmatinae_Nephradenia_acerosa_CB451,198
Nephradenia_asparagoides_CB452,Asclepiadoideae_Asclepiadeae_Metastelmatinae_Nephradenia_asparagoides_CB452,199
Jobinia_connivens_PAFTOL025213,Asclepiadoideae_Asclepiadeae_Orthosiinae_Jobinia_connivens_PAFTOL025213,141
Monsanima_morrenioides_PAFTOL025215,Asclepiadoideae_Asclepiadeae_Orthosiinae_Monsanima_morrenioides_PAFTOL025215,190
Orthosia_dusenii_PAFTOL025217,Asclepiadoideae_Asclepiadeae_Orthosiinae_Orthosia_dusenii_PAFTOL025217,211
Orthosia_scoparia_PAFTOL025207,Asclepiadoideae_Asclepiadeae_Orthosiinae_Orthosia_scoparia_PAFTOL025207,212
Scyphostelma_harlingii_PAFTOL031709,Asclepiadoideae_Asclepiadeae_Orthosiinae_Scyphostelma_harlingii_PAFTOL031709,273
Funastrum_angustissimum_PAFTOL031776,Asclepiadoideae_Asclepiadeae_Oxypetalinae_Funastrum_angustissimum_PAFTOL031776,115
Philibertia_solanoides_PAFTOL031780,Asclepiadoideae_Asclepiadeae_Oxypetalinae_Philibertia_solanoides_PAFTOL031780,231
Tweedia_brunonis_PAFTOL027251,Asclepiadoideae_Asclepiadeae_Oxypetalinae_Tweedia_brunonis_PAFTOL027251,313
Pentacyphus_camargoi_PAFTOL027253,Asclepiadoideae_Asclepiadeae_Pentacyphinae_Pentacyphus_camargoi_PAFTOL027253,220
Tassadia_stricta_CB457,Asclepiadoideae_Asclepiadeae_Tassadiinae_Tassadia_stricta_CB457,302
Topea_micrantha_PAFTOL027255,Asclepiadoideae_Asclepiadeae_Topeinae_Topea_micrantha_PAFTOL027255,307
Pentatropis_capensis_PAFTOL031739,Asclepiadoideae_Asclepiadeae_Tylophorinae_Pentatropis_capensis_PAFTOL031739,223
Anisotoma_cordifolia_PAFTOL031772,Asclepiadoideae_Ceropegieae_Anisotominae_Anisotoma_cordifolia_PAFTOL031772,18
Emplectanthus_cordatus_PAFTOL031702,Asclepiadoideae_Ceropegieae_Anisotominae_Emplectanthus_cordatus_PAFTOL031702,102
Neoschumannia_kamerunensis_PAFTOL031897,Asclepiadoideae_Ceropegieae_Anisotominae_Neoschumannia_kamerunensis_PAFTOL031897,197
Riocreuxia_torulosa_PAFTOL031785,Asclepiadoideae_Ceropegieae_Anisotominae_Riocreuxia_torulosa_PAFTOL031785,259
Sisyranthus_barbatus_PAFTOL025439,Asclepiadoideae_Ceropegieae_Anisotominae_Sisyranthus_barbatus_PAFTOL025439,278
Heterostemma_herbertii_PAFTOL031705,Asclepiadoideae_Ceropegieae_Heterostemminae_Heterostemma_herbertii_PAFTOL031705,133
Conomitra_linearis_PAFTOL031808,Asclepiadoideae_Ceropegieae_Leptadeniinae_Conomitra_linearis_PAFTOL031808,66
Leptadenia_madagascariensis_PAFTOL031797,Asclepiadoideae_Ceropegieae_Leptadeniinae_Leptadenia_madagascariensis_PAFTOL031797,154
Orthanthera_jasminiflora_PAFTOL027257,Asclepiadoideae_Ceropegieae_Leptadeniinae_Orthanthera_jasminiflora_PAFTOL027257,208
Pentasacme_caudatum_PAFTOL027259,Asclepiadoideae_Ceropegieae_Leptadeniinae_Pentasacme_caudatum_PAFTOL027259,222
Apteranthes_tuberculata_PAFTOL027263,Asclepiadoideae_Ceropegieae_Stapeliinae_Apteranthes_tuberculata_PAFTOL027263,22
Australluma_peschii_PAFTOL027265,Asclepiadoideae_Ceropegieae_Stapeliinae_Australluma_peschii_PAFTOL027265,30
Baynesia_lophophora_PAFTOL027267,Asclepiadoideae_Ceropegieae_Stapeliinae_Baynesia_lophophora_PAFTOL027267,37
Caralluma_dalzielii_PAFTOL031824,Asclepiadoideae_Ceropegieae_Stapeliinae_Caralluma_dalzielii_PAFTOL031824,48
Ceropegia_sandersonii_PAFTOL005222,Asclepiadoideae_Ceropegieae_Stapeliinae_Ceropegia_sandersonii_PAFTOL005222,54
Desmidorchis_retrospiciens_PAFTOL027273,Asclepiadoideae_Ceropegieae_Stapeliinae_Desmidorchis_retrospiciens_PAFTOL027273,81
Duvalia_elegans_PAFTOL031760,Asclepiadoideae_Ceropegieae_Stapeliinae_Duvalia_elegans_PAFTOL031760,94
Duvaliandra_dioscoridis_PAFTOL027275,Asclepiadoideae_Ceropegieae_Stapeliinae_Duvaliandra_dioscoridis_PAFTOL027275,95
Echidnopsis_cereiformis_PAFTOL031761,Asclepiadoideae_Ceropegieae_Stapeliinae_Echidnopsis_cereiformis_PAFTOL031761,96
Edithcolea_grandis_PAFTOL027277,Asclepiadoideae_Ceropegieae_Stapeliinae_Edithcolea_grandis_PAFTOL027277,99
Huernia_barbata_PAFTOL031766,Asclepiadoideae_Ceropegieae_Stapeliinae_Huernia_barbata_PAFTOL031766,135
Larryleachia_perlata_PAFTOL027279,Asclepiadoideae_Ceropegieae_Stapeliinae_Larryleachia_perlata_PAFTOL027279,149
Lavrania_haagnerae_PAFTOL027281,Asclepiadoideae_Ceropegieae_Stapeliinae_Lavrania_haagnerae_PAFTOL027281,151
Monolluma_socotrana_PAFTOL027283,Asclepiadoideae_Ceropegieae_Stapeliinae_Monolluma_socotrana_PAFTOL027283,189
Ophionella_arcuata_PAFTOL027285,Asclepiadoideae_Ceropegieae_Stapeliinae_Ophionella_arcuata_PAFTOL027285,204
Orbea_hardyi_PAFTOL027287,Asclepiadoideae_Ceropegieae_Stapeliinae_Orbea_hardyi_PAFTOL027287,206
Pectinaria_articulata_PAFTOL027289,Asclepiadoideae_Ceropegieae_Stapeliinae_Pectinaria_articulata_PAFTOL027289,219
Piaranthus_geminatus_PAFTOL027291,Asclepiadoideae_Ceropegieae_Stapeliinae_Piaranthus_geminatus_PAFTOL027291,234
Pseudolithos_dodsonianus_PAFTOL027293,Asclepiadoideae_Ceropegieae_Stapeliinae_Pseudolithos_dodsonianus_PAFTOL027293,245
Pseudolithos_mccoyi_PAFTOL027261,Asclepiadoideae_Ceropegieae_Stapeliinae_Pseudolithos_mccoyi_PAFTOL027261,246
Quaqua_parviflora_PAFTOL031801,Asclepiadoideae_Ceropegieae_Stapeliinae_Quaqua_parviflora_PAFTOL031801,250
Rhytidocaulon_macrolobum_PAFTOL027295,Asclepiadoideae_Ceropegieae_Stapeliinae_Rhytidocaulon_macrolobum_PAFTOL027295,256
Richtersveldia_columnaris_PAFTOL027297,Asclepiadoideae_Ceropegieae_Stapeliinae_Richtersveldia_columnaris_PAFTOL027297,258
Socotrella_dolichocnema_PAFTOL027299,Asclepiadoideae_Ceropegieae_Stapeliinae_Socotrella_dolichocnema_PAFTOL027299,279
Stapelianthus_decaryi_PAFTOL027301,Asclepiadoideae_Ceropegieae_Stapeliinae_Stapelianthus_decaryi_PAFTOL027301,285
Stapeliopsis_saxatilis_PAFTOL027303,Asclepiadoideae_Ceropegieae_Stapeliinae_Stapeliopsis_saxatilis_PAFTOL027303,286
Tavaresia_barklyi_PAFTOL027305,Asclepiadoideae_Ceropegieae_Stapeliinae_Tavaresia_barklyi_PAFTOL027305,303
Tridentea_gemmiflora_PAFTOL027307,Asclepiadoideae_Ceropegieae_Stapeliinae_Tridentea_gemmiflora_PAFTOL027307,311
Tromotriche_ruschiana_PAFTOL027309,Asclepiadoideae_Ceropegieae_Stapeliinae_Tromotriche_ruschiana_PAFTOL027309,312
Emicocarpus_fissifolius_PAFTOL025387,Asclepiadoideae_Eustegieae_nosubtribe_Emicocarpus_fissifolius_PAFTOL025387,101
Eustegia_minuta_PAFTOL004041,Asclepiadoideae_Eustegieae_nosubtribe_Eustegia_minuta_PAFTOL004041,107
Cibirhiza_dhofarensis_PAFTOL031755,Asclepiadoideae_Fockeeae_nosubtribe_Cibirhiza_dhofarensis_PAFTOL031755,61
Fockea_edulis_PAFTOL005223,Asclepiadoideae_Fockeeae_nosubtribe_Fockea_edulis_PAFTOL005223,113
Anisopus_mannii_PAFTOL031795,Asclepiadoideae_Marsdenieae_nosubtribe_Anisopus_mannii_PAFTOL031795,17
Campestigma_purpurea_PAFTOL031700,Asclepiadoideae_Marsdenieae_nosubtribe_Campestigma_purpureum_PAFTOL031700,46
Cionura_erecta_PAFTOL031756,Asclepiadoideae_Marsdenieae_nosubtribe_Cionura_erecta_PAFTOL031756,62
Cosmostigma_cordatum_PAFTOL025333,Asclepiadoideae_Marsdenieae_nosubtribe_Cosmostigma_cordatum_PAFTOL025333,68
Dalzielia_oblanceolata_PAFTOL025355,Asclepiadoideae_Marsdenieae_nosubtribe_Dalzielia_oblanceolata_PAFTOL025355,79
Dischidanthus_urceolatus_PAFTOL027311,Asclepiadoideae_Marsdenieae_nosubtribe_Dischidanthus_urceolatus_PAFTOL027311,85
Dischidia_nummularia_GAP022127,Asclepiadoideae_Marsdenieae_nosubtribe_Dischidia_nummularia_GAP022127,86
Dregea_floribunda_PAFTOL031759,Asclepiadoideae_Marsdenieae_nosubtribe_Dregea_floribunda_PAFTOL031759,93
Gongronema_filipes_PAFTOL027313,Asclepiadoideae_Marsdenieae_nosubtribe_Gongronema_filipes_PAFTOL027313,123
Gymnemopsis_calcicola_PAFTOL025463,Asclepiadoideae_Marsdenieae_nosubtribe_Gymnemopsis_calcicola_PAFTOL025463,127
Harmandiella_cordifolia_PAFTOL027317,Asclepiadoideae_Marsdenieae_nosubtribe_Harmandiella_cordifolia_PAFTOL027317,130
Jasminanthes_suaveolens_PAFTOL031768,Asclepiadoideae_Marsdenieae_nosubtribe_Jasminanthes_suaveolens_PAFTOL031768,140
Lygisma_inflexum_PAFTOL027321,Asclepiadoideae_Marsdenieae_nosubtribe_Lygisma_inflexum_PAFTOL027321,157
Marsdenia_angolensis_PAFTOL027315,Asclepiadoideae_Marsdenieae_nosubtribe_Marsdenia_angolensis_PAFTOL027315,163
Oreosparte_celebica_PAFTOL027323,Asclepiadoideae_Marsdenieae_nosubtribe_Oreosparte_celebica_PAFTOL027323,207
Papuahoya_bykulleana_PAFTOL027325,Asclepiadoideae_Marsdenieae_nosubtribe_Papuahoya_bykulleana_PAFTOL027325,215
Pycnorhachis_maingayi_PAFTOL025377,Asclepiadoideae_Marsdenieae_nosubtribe_Pycnorhachis_maingayi_PAFTOL025377,249
Rhyssolobium_dumosum_PAFTOL031784,Asclepiadoideae_Marsdenieae_nosubtribe_Rhyssolobium_dumosum_PAFTOL031784,255
Ruehssia_carvalhoi_PAFTOL004072,Asclepiadoideae_Marsdenieae_nosubtribe_Ruehssia_carvalhoi_PAFTOL004072,262
Sarcolobus_vittatus_GAP022293,Asclepiadoideae_Marsdenieae_nosubtribe_Sarcolobus_vittatus_GAP022293,265
Sicyocarpus_verrucosus_PAFTOL027329,Asclepiadoideae_Marsdenieae_nosubtribe_Sicyocarpus_verrucosus_PAFTOL027329,276
Stigmatorhynchus_umbellifer_PAFTOL031698,Asclepiadoideae_Marsdenieae_nosubtribe_Stigmatorhynchus_umbellifer_PAFTOL031698,291
Treutlera_insignis_PAFTOL025399,Asclepiadoideae_Marsdenieae_nosubtribe_Treutlera_insignis_PAFTOL025399,309
Wattakaka_volubilis_PAFTOL031745,Asclepiadoideae_Marsdenieae_nosubtribe_Wattakaka_volubilis_PAFTOL031745,322
Gelsemium_elegans_SRR12009649,Gelsemiaceae_Gelsemieae_Gelsemium_elegans_SRR12009649,119
Chironia_baccifera_PAFTOL005228,Gentianaceae_Chironieae_Chironia_baccifera_PAFTOL005228,57
Exacum_exiguum_PAFTOL005229,Gentianaceae_Exaceae_Exacum_exiguum_PAFTOL005229,108
Macrocarpaea_stenophylla_PAFTOL005232,Gentianaceae_Helieae_Macrocarpaea_stenophylla_PAFTOL005232,160
Utania_racemosa_PAFTOL005230,Gentianaceae_Potalieae_Utania_racemosa_PAFTOL005230,315
Voyria_aurantiaca_PAFTOL005233,Gentianaceae_Voyrieae_Voyria_aurantiaca_PAFTOL005233,321
Antonia_ovata_PAFTOL005873,Loganiaceae_Antonieae_Antonia_ovata_PAFTOL005873,20
Geniostoma_borbonicum_PAFTOL006558,Loganiaceae_Loganieae_Geniostoma_borbonicum_PAFTOL006558,121
Spigelia_pulchella_PAFTOL005874,Loganiaceae_Spigelieae_Spigelia_pulchella_PAFTOL005874,281
Neuburgia_corynocarpa_PAFTOL007837,Loganiaceae_Strychneae_Neuburgia_corynocarpa_PAFTOL007837,201
Strychnos_splendens_PAFTOL005235,Loganiaceae_Strychneae_Strychnos_splendens_PAFTOL005235,297
Atherandra_acutifolia_PAFTOL031809,Periplocoideae_notribe_nosubtribe_Atherandra_acutifolia_PAFTOL031809,29
Baroniella_camptocarpoides_PAFTOL031749,Periplocoideae_notribe_nosubtribe_Baroniella_camptocarpoides_PAFTOL031749,34
Baseonema_gregorii_PAFTOL031750,Periplocoideae_notribe_nosubtribe_Baseonema_gregorii_PAFTOL031750,35
Batesanthus_purpureus_PAFTOL025247,Periplocoideae_notribe_nosubtribe_Batesanthus_purpureus_PAFTOL025247,36
Buckollia_volubilis_PAFTOL031751,Periplocoideae_notribe_nosubtribe_Buckollia_volubilis_PAFTOL031751,41
Camptocarpus_mauritianus_PAFTOL031752,Periplocoideae_notribe_nosubtribe_Camptocarpus_mauritianus_PAFTOL031752,47
Chlorocyathus_monteiroae_PAFTOL025505,Periplocoideae_notribe_nosubtribe_Chlorocyathus_monteiroae_PAFTOL025505,58
Cryptolepis_nigrescens_PAFTOL025303,Periplocoideae_notribe_nosubtribe_Cryptolepis_nigrescens_PAFTOL025303,72
Cryptostegia_madagascariensis_PAFTOL025359,Periplocoideae_notribe_nosubtribe_Cryptostegia_madagascariensis_PAFTOL025359,73
Ectadium_virgatum_PAFTOL031762,Periplocoideae_notribe_nosubtribe_Ectadium_virgatum_PAFTOL031762,98
Epistemma_assianum_PAFTOL031765,Periplocoideae_notribe_nosubtribe_Epistemma_assianum_PAFTOL031765,105
Finlaysonia_obovata_GAP022109,Periplocoideae_notribe_nosubtribe_Finlaysonia_obovata_GAP022109,111
Ischnolepis_natalensis_PAFTOL027331,Periplocoideae_notribe_nosubtribe_Ischnolepis_natalensis_PAFTOL027331,138
Maclaudia_felixii_PAFTOL031820,Periplocoideae_notribe_nosubtribe_Maclaudia_felixii_PAFTOL031820,158
Mondia_whitei_PAFTOL031737,Periplocoideae_notribe_nosubtribe_Mondia_whitei_PAFTOL031737,188
Myriopteron_extensum_PAFTOL025205,Periplocoideae_notribe_nosubtribe_Myriopteron_extensum_PAFTOL025205,195
Pentopetia_albicans_PAFTOL031740,Periplocoideae_notribe_nosubtribe_Pentopetia_albicans_PAFTOL031740,224
Phyllanthera_grayi_GAP022225,Periplocoideae_notribe_nosubtribe_Phyllanthera_grayi_GAP022225,232
Phyllanthera_nymanii_PAFTOL025419,Periplocoideae_notribe_nosubtribe_Phyllanthera_nymanii_PAFTOL025419,233
Raphionacme_hirsuta_PAFTOL031783,Periplocoideae_notribe_nosubtribe_Raphionacme_hirsuta_PAFTOL031783,251
Sacleuxia_newii_PAFTOL031786,Periplocoideae_notribe_nosubtribe_Sacleuxia_newii_PAFTOL031786,264
Sarcorrhiza_epiphytica_PAFTOL025473,Periplocoideae_notribe_nosubtribe_Sarcorrhiza_epiphytica_PAFTOL025473,266
Schlechterella_abyssinica_PAFTOL027333,Periplocoideae_notribe_nosubtribe_Schlechterella_abyssinica_PAFTOL027333,271
Stomatostemma_monteiroae_PAFTOL027339,Periplocoideae_notribe_nosubtribe_Stomatostemma_monteiroae_PAFTOL027339,293
Streptocaulon_juventas_PAFTOL031696,Periplocoideae_notribe_nosubtribe_Streptocaulon_juventas_PAFTOL031696,295
Tacazzea_venosa_PAFTOL004103,Periplocoideae_notribe_nosubtribe_Tacazzea_venosa_PAFTOL004103,301
Alstonia_macrophylla_PAFTOL004113,rauvolfioids_Alstonieae_nosubtribe_Alstonia_macrophylla_PAFTOL004113,6
Alstonia_scholaris_PAFTOL006553,rauvolfioids_Alstonieae_nosubtribe_Alstonia_scholaris_PAFTOL006553,7
Alstonia_spectabilis_PAFTOL007872,rauvolfioids_Alstonieae_nosubtribe_Alstonia_spectabilis_PAFTOL007872,8
Alyxia_buxifolia_PAFTOL004100,rauvolfioids_Alyxieae_Alyxiinae_Alyxia_buxifolia_PAFTOL004100,9
Lepinia_solomonensis_PAFTOL006601,rauvolfioids_Alyxieae_Alyxiinae_Lepinia_solomonensis_PAFTOL006601,152
Lepinia_taitensis_PAFTOL006555,rauvolfioids_Alyxieae_Alyxiinae_Lepinia_taitensis_PAFTOL006555,153
Pteralyxia_laurifolia_PAFTOL031741,rauvolfioids_Alyxieae_Alyxiinae_Pteralyxia_laurifolia_PAFTOL031741,248
Chilocarpus_costatus_PAFTOL031728,rauvolfioids_Alyxieae_Condylocarpinae_Chilocarpus_costatus_PAFTOL031728,56
Condylocarpon_isthmicum_PAFTOL031721,rauvolfioids_Alyxieae_Condylocarpinae_Condylocarpon_isthmicum_PAFTOL031721,65
Plectaneia_thouarsii_PAFTOL031781,rauvolfioids_Alyxieae_Condylocarpinae_Plectaneia_thouarsii_PAFTOL031781,237
Amsonia_hubrichtii_PAFTOL005220,rauvolfioids_Amsonieae_nosubtribe_Amsonia_hubrichtii_PAFTOL005220,12
Aspidosperma_cylindrocarpon_PAFTOL004040,rauvolfioids_Aspidospermateae_nosubtribe_Aspidosperma_cylindrocarpon_PAFTOL004040,28
Geissospermum_argenteum_PAFTOL025219,rauvolfioids_Aspidospermateae_nosubtribe_Geissospermum_argenteum_PAFTOL025219,118
Haplophyton_cimicidum_PAFTOL031732,rauvolfioids_Aspidospermateae_nosubtribe_Haplophyton_cimicidum_PAFTOL031732,129
Microplumeria_anomala_PAFTOL031736,rauvolfioids_Aspidospermateae_nosubtribe_Microplumeria_anomala_PAFTOL031736,171
Strempeliopsis_strempelioides_PAFTOL025289,rauvolfioids_Aspidospermateae_nosubtribe_Strempeliopsis_strempelioides_PAFTOL025289,294
Vallesia_glabra_PAFTOL031744,rauvolfioids_Aspidospermateae_nosubtribe_Vallesia_glabra_PAFTOL031744,318
Acokanthera_oblongifolia_PAFTOL025441,rauvolfioids_Carisseae_nosubtribe_Acokanthera_oblongifolia_PAFTOL025441,1
Acokanthera_schimperi_PAFTOL031725,rauvolfioids_Carisseae_nosubtribe_Acokanthera_schimperi_PAFTOL031725,2
Carissa_macrocarpa_PAFTOL005221,rauvolfioids_Carisseae_nosubtribe_Carissa_macrocarpa_PAFTOL005221,49
Carissa_spinarum_PAFTOL025443,rauvolfioids_Carisseae_nosubtribe_Carissa_spinarum_PAFTOL025443,50
Gonioma_kamassi_PAFTOL004050,rauvolfioids_Hunterieae_nosubtribe_Gonioma_kamassi_PAFTOL004050,124
Picralima_nitida_PAFTOL025249,rauvolfioids_Hunterieae_nosubtribe_Picralima_nitida_PAFTOL025249,235
Pleiocarpa_rostrata_PAFTOL025251,rauvolfioids_Hunterieae_nosubtribe_Pleiocarpa_rostrata_PAFTOL025251,238
Melodinus_forbesii_PAFTOL005890,rauvolfioids_Melodineae_nosubtribe_Melodinus_forbesii_PAFTOL005890,165
Stephanostegia_hildebrandtii_PAFTOL025363,rauvolfioids_Melodineae_nosubtribe_Stephanostegia_hildebrandtii_PAFTOL025363,289
Himatanthus_attenuatus_PAFTOL031692,rauvolfioids_Plumerieae_Plumeriinae_Himatanthus_attenuatus_PAFTOL031692,134
Mortoniella_pittieri_PAFTOL031794,rauvolfioids_Plumerieae_Plumeriinae_Mortoniella_pittieri_PAFTOL031794,192
Plumeria_obtusa_PAFTOL005225,rauvolfioids_Plumerieae_Plumeriinae_Plumeria_obtusa_PAFTOL005225,241
Anechites_nerium_PAFTOL031747,rauvolfioids_Plumerieae_Thevetiinae_Anechites_nerium_PAFTOL031747,14
Cerbera_dumicola_GAP022557,rauvolfioids_Plumerieae_Thevetiinae_Cerbera_dumicola_GAP022557,52
Cerberiopsis_obtusifolia_PAFTOL025407,rauvolfioids_Plumerieae_Thevetiinae_Cerberiopsis_obtusifolia_PAFTOL025407,53
Thevetia_bicornuta_PAFTOL031724,rauvolfioids_Plumerieae_Thevetiinae_Thevetia_bicornuta_PAFTOL031724,306
Ambelania_acida_PAFTOL025325,rauvolfioids_Tabernaemontaneae_Ambelaniinae_Ambelania_acida_PAFTOL025325,11
Macoubea_guianensis_PAFTOL031734,rauvolfioids_Tabernaemontaneae_Ambelaniinae_Macoubea_guianensis_PAFTOL031734,159
Molongum_laxum_PAFTOL025221,rauvolfioids_Tabernaemontaneae_Ambelaniinae_Molongum_laxum_PAFTOL025221,187
Mucoa_duckei_PAFTOL031810,rauvolfioids_Tabernaemontaneae_Ambelaniinae_Mucoa_duckei_PAFTOL031810,194
Neocouma_ternstroemiacea_PAFTOL031811,rauvolfioids_Tabernaemontaneae_Ambelaniinae_Neocouma_ternstroemiacea_PAFTOL031811,196
Rhigospira_quadrangularis_PAFTOL025223,rauvolfioids_Tabernaemontaneae_Ambelaniinae_Rhigospira_quadrangularis_PAFTOL025223,254
Spongiosperma_grandiflorum_PAFTOL031718,rauvolfioids_Tabernaemontaneae_Ambelaniinae_Spongiosperma_grandiflorum_PAFTOL031718,283
Spongiosperma_riparium_PAFTOL025497,rauvolfioids_Tabernaemontaneae_Ambelaniinae_Spongiosperma_riparium_PAFTOL025497,284
Callichilia_subsessilis_PAFTOL025317,rauvolfioids_Tabernaemontaneae_Tabernaemontaninae_Callichilia_subsessilis_PAFTOL025317,43
Calocrater_preussii_PAFTOL025305,rauvolfioids_Tabernaemontaneae_Tabernaemontaninae_Calocrater_preussii_PAFTOL025305,44
Carvalhoa_campanulata_PAFTOL031753,rauvolfioids_Tabernaemontaneae_Tabernaemontaninae_Carvalhoa_campanulata_PAFTOL031753,51
Crioceras_dipladeniiflorus_PAFTOL025279,rauvolfioids_Tabernaemontaneae_Tabernaemontaninae_Crioceras_dipladeniiflorus_PAFTOL025279,70
Ephippiocarpa_orientalis_PAFTOL031764,rauvolfioids_Tabernaemontaneae_Tabernaemontaninae_Ephippiocarpa_orientalis_PAFTOL031764,103
Schizozygia_coffeoides_PAFTOL025453,rauvolfioids_Tabernaemontaneae_Tabernaemontaninae_Schizozygia_coffeoides_PAFTOL025453,270
Tabernaemontana_divaricata_PAFTOL005308,rauvolfioids_Tabernaemontaneae_Tabernaemontaninae_Tabernaemontana_divaricata_PAFTOL005308,299
Tabernanthe_iboga_PAFTOL025241,rauvolfioids_Tabernaemontaneae_Tabernaemontaninae_Tabernanthe_iboga_PAFTOL025241,300
Voacanga_thouarsii_PAFTOL006637,rauvolfioids_Tabernaemontaneae_Tabernaemontaninae_Voacanga_thouarsii_PAFTOL006637,320
Kamettia_chandeei_PAFTOL025465,rauvolfioids_Vinceae_Catharanthinae_Kamettia_chandeei_PAFTOL025465,142
Kopsia_arborea_GAP022171,rauvolfioids_Vinceae_Kopsiinae_Kopsia_arborea_GAP022171,145
Rauvolfia_vomitoria_PAFTOL006556,rauvolfioids_Vinceae_Rauvolfiinae_Rauvolfia_vomitoria_PAFTOL006556,252
Vinca_difformis_PAFTOL004938,rauvolfioids_Vinceae_Vincinae_Vinca_difformis_PAFTOL004938,319
Couma_rigida_PAFTOL025227,rauvolfioids_Willughbeieae_Lacmelleinae_Couma_rigida_PAFTOL025227,69
Hancornia_speciosa_PAFTOL025229,rauvolfioids_Willughbeieae_Lacmelleinae_Hancornia_speciosa_PAFTOL025229,128
Lacmellea_bahiensis_PAFTOL025231,rauvolfioids_Willughbeieae_Lacmelleinae_Lacmellea_bahiensis_PAFTOL025231,147
Parahancornia_negroensis_PAFTOL025499,rauvolfioids_Willughbeieae_Lacmelleinae_Parahancornia_negroensis_PAFTOL025499,217
Ancylobothrys_amoena_PAFTOL031719,rauvolfioids_Willughbeieae_Landolphiinae_Ancylobothrys_amoena_PAFTOL031719,13
Chamaeclitandra_henriquesiana_PAFTOL025175,rauvolfioids_Willughbeieae_Landolphiinae_Chamaeclitandra_henriquesiana_PAFTOL025175,55
Clitandra_cymulosa_PAFTOL025475,rauvolfioids_Willughbeieae_Landolphiinae_Clitandra_cymulosa_PAFTOL025475,63
Cylindropsis_parvifolia_PAFTOL025307,rauvolfioids_Willughbeieae_Landolphiinae_Cylindropsis_parvifolia_PAFTOL025307,76
Dictyophleba_lucida_PAFTOL025391,rauvolfioids_Willughbeieae_Landolphiinae_Dictyophleba_lucida_PAFTOL025391,83
Landolphia_incerta_PAFTOL004111,rauvolfioids_Willughbeieae_Landolphiinae_Landolphia_incerta_PAFTOL004111,148
Orthopichonia_barteri_PAFTOL031722,rauvolfioids_Willughbeieae_Landolphiinae_Orthopichonia_barteri_PAFTOL031722,209
Orthopichonia_seretii_PAFTOL025253,rauvolfioids_Willughbeieae_Landolphiinae_Orthopichonia_seretii_PAFTOL025253,210
Pacouria_guianensis_PAFTOL025233,rauvolfioids_Willughbeieae_Landolphiinae_Pacouria_guianensis_PAFTOL025233,214
Saba_comorensis_PAFTOL025281,rauvolfioids_Willughbeieae_Landolphiinae_Saba_comorensis_PAFTOL025281,263
Vahadenia_caillei_PAFTOL025357,rauvolfioids_Willughbeieae_Landolphiinae_Vahadenia_caillei_PAFTOL025357,316
Bousigonia_mekongensis_PAFTOL025503,rauvolfioids_Willughbeieae_Leuconotidinae_Bousigonia_mekongensis_PAFTOL025503,40
Cyclocotyla_congolensis_PAFTOL025255,rauvolfioids_Willughbeieae_Leuconotidinae_Cyclocotyla_congolensis_PAFTOL025255,75
Leuconotis_anceps_PAFTOL025339,rauvolfioids_Willughbeieae_Leuconotidinae_Leuconotis_anceps_PAFTOL025339,155
Willughbeia_angustifolia_PAFTOL025235,rauvolfioids_Willughbeieae_Willughbeiinae_Willughbeia_angustifolia_PAFTOL025235,323
Colletoecema_tortistilum_PAFTOL005241,Rubiaceae_Colletoecemateae_Colletoecema_tortistilum_PAFTOL005241,64
Luculia_pinceana_PAFTOL005309,Rubiaceae_Luculieae_Luculia_pinceana_PAFTOL005309,156
Ophiorrhiza_winkleri_PAFTOL005263,Rubiaceae_Ophiorrhizeae_Ophiorrhiza_winkleri_PAFTOL005263,205
Perama_dichotoma_PAFTOL005268,Rubiaceae_Perameae_Perama_dichotoma_PAFTOL005268,225
Psychotria_borbonica_PAFTOL021587,Rubiaceae_Psychotrieae_Psychotria_borbonica_PAFTOL021587,247
Plocama_calabrica_PAFTOL021615,Rubiaceae_Putorieae_Plocama_calabrica_PAFTOL021615,240
Didymosalpinx_norae_PAFTOL021419,Rubiaceae_Rubieae_Didymaea_alsinoides_PAFTOL032765,84
Schizocolea_linderi_PAFTOL005887,Rubiaceae_Schizocoleeae_Schizocolea_linderi_PAFTOL005887,267
Calyptranthera_gautieri_PAFTOL031804,Secamonoideae_notribe_nosubtribe_Calyptranthera_gautieri_PAFTOL031804,45
Genianthus_micranthus_PAFTOL031821,Secamonoideae_notribe_nosubtribe_Genianthus_micranthus_PAFTOL031821,120
Goniostemma_acuminatum_PAFTOL025379,Secamonoideae_notribe_nosubtribe_Goniostemma_acuminatum_PAFTOL025379,125
Pervillaea_tomentosa_PAFTOL031707,Secamonoideae_notribe_nosubtribe_Pervillaea_tomentosa_PAFTOL031707,228
Secamone_schweinfurthii_PAFTOL005226,Secamonoideae_notribe_nosubtribe_Secamone_schweinfurthii_PAFTOL005226,274
Secamonopsis_madagascariensis_PAFTOL025361,Secamonoideae_notribe_nosubtribe_Secamonopsis_madagascariensis_PAFTOL025361,275
Toxocarpus_kleinii_PAFTOL031792,Secamonoideae_notribe_nosubtribe_Toxocarpus_kleinii_PAFTOL031792,308
Trichosandra_borbonica_PAFTOL031803,Secamonoideae_notribe_nosubtribe_Trichosandra_borbonica_PAFTOL031803,310